,cpp,python
ring (24),0.000029,0.000286
summatrixfast (2400 100 100),0.97,0.78
summatrix (2400 100 100 1 24 1 1),1.78,0.95
